Workbook

Sheet Workout Routine
B2: 🏋️ GRIT FITNESS WORKOUT TRACKER | F2: TOTAL SESSIONS | H2: TOTAL EXERCISES | J2: WORKOUT PROGRESS | L2: EXERCISE STATUS | O2: ⚙️ EXERCISE MANAGER (CRUD)
B3: 4-Week Routine & Weight Progression Tracker | F3: 4 Sessions | H3: =COUNTIF(M6:M41, "Active") & " Movements" -> 33 Movements | J3: ="✓ " & COUNTIF(B6:B41, TRUE) & " / " & COUNTIF(M6:M41, "Active") -> ✓ 5 / 33 | L3: ="Active: " & COUNTIF(M6:M41, "Active") & " | Arc: " & COUNTIF(M6:M41, "Archived") -> Active: 33 | Arc: 0 | O3: Manage Routine Exercises • Add, Modify, or Remove Movements
B4: ✓ | C4: No | D4: Phase / Exercise | E4: Target Muscle | F4: Target Reps | G4: Week 1 (Kg) | H4: Week 2 (Kg) | I4: Week 3 (Kg) | J4: Week 4 (Kg) | K4: Weight Trend | L4: Equipment & Visual Guide | M4: Status | O4: ⚡ Action | Q4: ➕ ADD NEW EXERCISE
B5: 🔥 TUESDAY • HEAVY FULL BODY (9 Exercises) | O5: 📅 Target Session | Q5: Friday • Pull Day
B6: FALSE | C6: 1 | D6: Warm-up | E6: Full Body | F6: - | K6: =IFERROR(__xludf.DUMMYFUNCTION("IFERROR(IF(COUNT(G6:J6)>=2, SPARKLINE(G6:J6, {""charttype"",""line"";""color"",""#3f5f90"";""linewidth"",2;""empty"",""ignore""}), IF(COUNT(G6:J6)=1, SPARKLINE(G6:J6, {""charttype"",""column"";""color"",""#3f5f90"";""ymin"",0}), ""-"")), ""-"")"),"-") -> - | L6: =HYPERLINK("[link removed]", "🏃 Dynamic Mat • Guide") -> 🏃 Dynamic Mat • Guide | M6: Active | O6: 🎯 Exercise Name | Q6: Straight Arm Pulldown
B7: FALSE | C7: 2 | D7: Bench Press | E7: Chest (Overall) | F7: 4 x 12 | G7: 7.5 | H7: 10 | K7: =IFERROR(__xludf.DUMMYFUNCTION("IFERROR(IF(COUNT(G7:J7)>=2, SPARKLINE(G7:J7, {""charttype"",""line"";""color"",""#3f5f90"";""linewidth"",2;""empty"",""ignore""}), IF(COUNT(G7:J7)=1, SPARKLINE(G7:J7, {""charttype"",""column"";""color"",""#3f5f90"";""ymin"",0}), ""-"")), ""-"")"),"") | L7: =HYPERLINK("https://exrx.net/WeightExercises/PectoralSternal/BBBenchPress", "🏋️ Barbell & Bench • Guide") -> 🏋️ Barbell & Bench • Guide | M7: Active | O7: 💪 Target Muscle
B8: FALSE | C8: 3 | D8: Wide Grip Lat Pulldown | E8: Upper Back / Lats | F8: 4 x 12 | G8: 30 | H8: 30 | K8: =IFERROR(__xludf.DUMMYFUNCTION("IFERROR(IF(COUNT(G8:J8)>=2, SPARKLINE(G8:J8, {""charttype"",""line"";""color"",""#3f5f90"";""linewidth"",2;""empty"",""ignore""}), IF(COUNT(G8:J8)=1, SPARKLINE(G8:J8, {""charttype"",""column"";""color"",""#3f5f90"";""ymin"",0}), ""-"")), ""-"")"),"") | L8: =HYPERLINK("[link removed]", "🪜 Cable Pulldown • Guide") -> 🪜 Cable Pulldown • Guide | M8: Active | O8: 🔢 Target Reps | Q8: 3 x 15
B9: FALSE | C9: 4 | D9: Dumbbell Shoulder Press | E9: Anterior & Lateral Delts | F9: 3 x 15 | G9: 5 | H9: 7.5 | K9: =IFERROR(__xludf.DUMMYFUNCTION("IFERROR(IF(COUNT(G9:J9)>=2, SPARKLINE(G9:J9, {""charttype"",""line"";""color"",""#3f5f90"";""linewidth"",2;""empty"",""ignore""}), IF(COUNT(G9:J9)=1, SPARKLINE(G9:J9, {""charttype"",""column"";""color"",""#3f5f90"";""ymin"",0}), ""-"")), ""-"")"),"") | L9: =HYPERLINK("https://exrx.net/WeightExercises/DeltoidAnterior/DBShoulderPress", "🏋️ Dumbbells • Guide") -> 🏋️ Dumbbells • Guide | M9: Active | O9: 🏋️ Equipment Guide
B10: FALSE | C10: 5 | D10: Biceps Curl | E10: Biceps Peak | F10: 3x 15 | G10: 11 | H10: 18 | K10: =IFERROR(__xludf.DUMMYFUNCTION("IFERROR(IF(COUNT(G10:J10)>=2, SPARKLINE(G10:J10, {""charttype"",""line"";""color"",""#3f5f90"";""linewidth"",2;""empty"",""ignore""}), IF(COUNT(G10:J10)=1, SPARKLINE(G10:J10, {""charttype"",""column"";""color"",""#3f5f90"";""ymin"",0}), ""-"")), ""-"")"),"") | L10: =HYPERLINK("https://exrx.net/WeightExercises/Biceps/DBCurl", "🏋️ Dumbbells • Guide") -> 🏋️ Dumbbells • Guide | M10: Active | O10: 🏷️ Initial Status | Q10: Active
B11: FALSE | C11: 6 | D11: Regular / Goblet Squats | E11: Quadriceps & Core | F11: 4 x 12 | G11: 10 | K11: =IFERROR(__xludf.DUMMYFUNCTION("IFERROR(IF(COUNT(G11:J11)>=2, SPARKLINE(G11:J11, {""charttype"",""line"";""color"",""#3f5f90"";""linewidth"",2;""empty"",""ignore""}), IF(COUNT(G11:J11)=1, SPARKLINE(G11:J11, {""charttype"",""column"";""color"",""#3f5f90"";""ymin"",0}), ""-"")), ""-"")"),"") | L11: =HYPERLINK("https://exrx.net/WeightExercises/Quadriceps/DBSquat", "🏋️ Kettlebell / DB • Guide") -> 🏋️ Kettlebell / DB • Guide | M11: Active | O11: 🚀 Commit Action | Q11: FALSE | R11: ☑️ Check to Confirm & Apply
B12: FALSE | C12: 7 | D12: Prone Leg Curl Machine | E12: Hamstrings | F12: 3x 15 | G12: 35 | K12: =IFERROR(__xludf.DUMMYFUNCTION("IFERROR(IF(COUNT(G12:J12)>=2, SPARKLINE(G12:J12, {""charttype"",""line"";""color"",""#3f5f90"";""linewidth"",2;""empty"",""ignore""}), IF(COUNT(G12:J12)=1, SPARKLINE(G12:J12, {""charttype"",""column"";""color"",""#3f5f90"";""ymin"",0}), ""-"")), ""-"")"),"") | L12: =HYPERLINK("https://exrx.net/WeightExercises/Hamstrings/LVLyingLegCurl", "⚙️ Leg Curl Machine • Guide") -> ⚙️ Leg Curl Machine • Guide | M12: Active | O12: ✅ Latihan Berhasil Ditambahkan!
B13: FALSE | C13: 8 | D13: Sit-Ups | E13: Abs / Core | F13: 3 x 15 | K13: =IFERROR(__xludf.DUMMYFUNCTION("IFERROR(IF(COUNT(G13:J13)>=2, SPARKLINE(G13:J13, {""charttype"",""line"";""color"",""#3f5f90"";""linewidth"",2;""empty"",""ignore""}), IF(COUNT(G13:J13)=1, SPARKLINE(G13:J13, {""charttype"",""column"";""color"",""#3f5f90"";""ymin"",0}), ""-"")), ""-"")"),"-") -> - | L13: =HYPERLINK("https://exrx.net/WeightExercises/RectusAbdominis/WtSitUp", "🧘 Exercise Mat • Guide") -> 🧘 Exercise Mat • Guide | M13: Active | O13: ℹ️ Quick Guide: Add stages a new movement, Edit modifies target specs, Delete archives movement.
B14: FALSE | C14: 9 | D14: Cardio (Incline Walk / Cycling) | E14: Cardio / Conditioning | F14: 30 mins | K14: =IFERROR(__xludf.DUMMYFUNCTION("IFERROR(IF(COUNT(G14:J14)>=2, SPARKLINE(G14:J14, {""charttype"",""line"";""color"",""#3f5f90"";""linewidth"",2;""empty"",""ignore""}), IF(COUNT(G14:J14)=1, SPARKLINE(G14:J14, {""charttype"",""column"";""color"",""#3f5f90"";""ymin"",0}), ""-"")), ""-"")"),"-") -> - | L14: =HYPERLINK("[link removed]", "🚴 Treadmill / Bike • Guide") -> 🚴 Treadmill / Bike • Guide | M14: Active | O14: ="📊 Current Routine: " & COUNTIF(M:M, "Active") & " Active Movements • " & COUNTIF(M:M, "Archived") & " Archived" -> 📊 Current Routine: 33 Active Movements • 0 Archived
B15: FALSE | C15: 10 | D15: Plank | E15: Abs / Core | F15: 1 min | K15: - | M15: Active
B16: ⚡ THURSDAY • PUSH DAY (7 Exercises)
B17: FALSE | C17: 1 | D17: Warm-up | E17: Full Body | F17: - | K17: =IFERROR(__xludf.DUMMYFUNCTION("IFERROR(IF(COUNT(G17:J17)>=2, SPARKLINE(G17:J17, {""charttype"",""line"";""color"",""#3f5f90"";""linewidth"",2;""empty"",""ignore""}), IF(COUNT(G17:J17)=1, SPARKLINE(G17:J17, {""charttype"",""column"";""color"",""#3f5f90"";""ymin"",0}), ""-"")), ""-"")"),"-") -> - | L17: =HYPERLINK("[link removed]", "🏃 Dynamic Mat • Guide") -> 🏃 Dynamic Mat • Guide | M17: Active
B18: TRUE | C18: 2 | D18: Incline Press Machine | E18: Upper Chest | F18: 4 x 12 | H18: 10 | K18: =IFERROR(__xludf.DUMMYFUNCTION("IFERROR(IF(COUNT(G18:J18)>=2, SPARKLINE(G18:J18, {""charttype"",""line"";""color"",""#3f5f90"";""linewidth"",2;""empty"",""ignore""}), IF(COUNT(G18:J18)=1, SPARKLINE(G18:J18, {""charttype"",""column"";""color"",""#3f5f90"";""ymin"",0}), ""-"")), ""-"")"),"") | L18: =HYPERLINK("https://weighttraining.guide/wp-content/uploads/2016/12/machine-chest-press-resized.png", "⚙️ Incline Machine • Guide") -> ⚙️ Incline Machine • Guide | M18: Active
B19: TRUE | C19: 3 | D19: Flat Bench Press | E19: Mid & Lower Chest | F19: 4 x 12 | H19: 10 | K19: =IFERROR(__xludf.DUMMYFUNCTION("IFERROR(IF(COUNT(G19:J19)>=2, SPARKLINE(G19:J19, {""charttype"",""line"";""color"",""#3f5f90"";""linewidth"",2;""empty"",""ignore""}), IF(COUNT(G19:J19)=1, SPARKLINE(G19:J19, {""charttype"",""column"";""color"",""#3f5f90"";""ymin"",0}), ""-"")), ""-"")"),"") | L19: =HYPERLINK("https://encrypted-tbn0.gstatic.com/images?q=tbn:ANd9GcTLB2vyUAWuIEE7PT1b92WinoCVExWyDuU8yX7jG6LsMQ&s=10", "🏋️ Barbell / Bench • Guide") -> 🏋️ Barbell / Bench • Guide | M19: Active
B20: TRUE | C20: 4 | D20: Lateral Raise | E20: Side Delts | F20: 4 x 12 | H20: 10 | K20: =IFERROR(__xludf.DUMMYFUNCTION("IFERROR(IF(COUNT(G20:J20)>=2, SPARKLINE(G20:J20, {""charttype"",""line"";""color"",""#3f5f90"";""linewidth"",2;""empty"",""ignore""}), IF(COUNT(G20:J20)=1, SPARKLINE(G20:J20, {""charttype"",""column"";""color"",""#3f5f90"";""ymin"",0}), ""-"")), ""-"")"),"") | L20: =HYPERLINK("https://encrypted-tbn0.gstatic.com/images?q=tbn:ANd9GcS9hjTCgCjVx8Td1V8SOlOBlJqWSH4WT5TXYsbWGw-MhgFJzX7ZODihUAQ&s=10", "🏋️ Dumbbells • Guide") -> 🏋️ Dumbbells • Guide | M20: Active
B21: TRUE | C21: 5 | D21: Overhead Triceps Extension | E21: Triceps Long Head | F21: 3 x 15 | K21: =IFERROR(__xludf.DUMMYFUNCTION("IFERROR(IF(COUNT(G21:J21)>=2, SPARKLINE(G21:J21, {""charttype"",""line"";""color"",""#3f5f90"";""linewidth"",2;""empty"",""ignore""}), IF(COUNT(G21:J21)=1, SPARKLINE(G21:J21, {""charttype"",""column"";""color"",""#3f5f90"";""ymin"",0}), ""-"")), ""-"")"),"-") -> - | L21: =HYPERLINK("https://i0.wp.com/www.strengthlog.com/wp-content/uploads/2025/11/overhead-tricep-extension-end-1024x1024.png?resize=700%2C700&ssl=1", "🏋️ Dumbbell / Bench • Guide") -> 🏋️ Dumbbell / Bench • Guide | M21: Active
B22: TRUE | C22: 6 | D22: Triceps Pushdown | E22: Triceps Lateral Head | F22: 3 x 15 | K22: =IFERROR(__xludf.DUMMYFUNCTION("IFERROR(IF(COUNT(G22:J22)>=2, SPARKLINE(G22:J22, {""charttype"",""line"";""color"",""#3f5f90"";""linewidth"",2;""empty"",""ignore""}), IF(COUNT(G22:J22)=1, SPARKLINE(G22:J22, {""charttype"",""column"";""color"",""#3f5f90"";""ymin"",0}), ""-"")), ""-"")"),"-") -> - | L22: =HYPERLINK("https://trainingstation.co.uk/cdn/shop/articles/Tricep-pushdown-movement_ddb8dbd8-566d-4f55-99e0-36c35790234a_600x.png?v=1739005533", "🪜 Cable Tower • Guide") -> 🪜 Cable Tower • Guide | M22: Active
B23: FALSE | C23: 7 | D23: Cardio (Incline Walk/Cycling) | E23: Cardio / Conditioning | F23: 30 mins | K23: =IFERROR(__xludf.DUMMYFUNCTION("IFERROR(IF(COUNT(G23:J23)>=2, SPARKLINE(G23:J23, {""charttype"",""line"";""color"",""#3f5f90"";""linewidth"",2;""empty"",""ignore""}), IF(COUNT(G23:J23)=1, SPARKLINE(G23:J23, {""charttype"",""column"";""color"",""#3f5f90"";""ymin"",0}), ""-"")), ""-"")"),"-") -> - | L23: =HYPERLINK("[link removed]", "🏃 Elliptical • Guide") -> 🏃 Elliptical • Guide | M23: Active
B24: FALSE | C24: 8 | D24: Custom Exercise Slot (Push Day) | E24: Target Muscle | F24: 3 x 15 | K24: - | L24: =HYPERLINK("https://exrx.net/WeightExercises", "🏋️ Custom Equipment Guide") -> 🏋️ Custom Equipment Guide | M24: Active
B25: 💪 FRIDAY • PULL DAY (7 Exercises)
B26: FALSE | C26: 1 | D26: Warm-up | E26: Full Body | F26: - | K26: =IFERROR(__xludf.DUMMYFUNCTION("IFERROR(IF(COUNT(G26:J26)>=2, SPARKLINE(G26:J26, {""charttype"",""line"";""color"",""#3f5f90"";""linewidth"",2;""empty"",""ignore""}), IF(COUNT(G26:J26)=1, SPARKLINE(G26:J26, {""charttype"",""column"";""color"",""#3f5f90"";""ymin"",0}), ""-"")), ""-"")"),"-") -> - | L26: =HYPERLINK("[link removed]", "🏃 Dynamic Mat • Guide") -> 🏃 Dynamic Mat • Guide | M26: Active
B27: FALSE | C27: 2 | D27: Seated Cable Row / T-Bar | E27: Mid-Back Thickness | F27: 4 x 12 | K27: =IFERROR(__xludf.DUMMYFUNCTION("IFERROR(IF(COUNT(G27:J27)>=2, SPARKLINE(G27:J27, {""charttype"",""line"";""color"",""#3f5f90"";""linewidth"",2;""empty"",""ignore""}), IF(COUNT(G27:J27)=1, SPARKLINE(G27:J27, {""charttype"",""column"";""color"",""#3f5f90"";""ymin"",0}), ""-"")), ""-"")"),"-") -> - | L27: =HYPERLINK("https://weighttraining.guide/wp-content/uploads/2016/05/Seated-cable-row-new-resized.png", "🪜 Seated Cable Row • Guide") -> 🪜 Seated Cable Row • Guide | M27: Active
B28: FALSE | C28: 3 | D28: Underhand Lat Pulldown | E28: Lower Lats | F28: 4 x 12 | K28: =IFERROR(__xludf.DUMMYFUNCTION("IFERROR(IF(COUNT(G28:J28)>=2, SPARKLINE(G28:J28, {""charttype"",""line"";""color"",""#3f5f90"";""linewidth"",2;""empty"",""ignore""}), IF(COUNT(G28:J28)=1, SPARKLINE(G28:J28, {""charttype"",""column"";""color"",""#3f5f90"";""ymin"",0}), ""-"")), ""-"")"),"-") -> - | L28: =HYPERLINK("https://i0.wp.com/st2.depositphotos.com/8546304/11395/i/950/depositphotos_113952040-stock-photo-thrust-block-on-top-of.jpg?resize=542%2C332&ssl=1", "🪜 Underhand Lat Pulldown • Guide") -> 🪜 Underhand Lat Pulldown • Guide | M28: Active
B29: FALSE | C29: 4 | D29: Face Pulls / Rear Delt Fly | E29: Rear Delts | F29: 3 x 15 | K29: =IFERROR(__xludf.DUMMYFUNCTION("IFERROR(IF(COUNT(G29:J29)>=2, SPARKLINE(G29:J29, {""charttype"",""line"";""color"",""#3f5f90"";""linewidth"",2;""empty"",""ignore""}), IF(COUNT(G29:J29)=1, SPARKLINE(G29:J29, {""charttype"",""column"";""color"",""#3f5f90"";""ymin"",0}), ""-"")), ""-"")"),"-") -> - | L29: =HYPERLINK("https://www.strongermobileapp.com/exercises/rear-delt-fly-machine", "🪜 Rear Delt Fly Machine • Guide") -> 🪜 Rear Delt Fly Machine • Guide | M29: Active
B30: FALSE | C30: 5 | D30: Biceps Curl | E30: Biceps Peak | F30: 3 x 15 | K30: =IFERROR(__xludf.DUMMYFUNCTION("IFERROR(IF(COUNT(G30:J30)>=2, SPARKLINE(G30:J30, {""charttype"",""line"";""color"",""#3f5f90"";""linewidth"",2;""empty"",""ignore""}), IF(COUNT(G30:J30)=1, SPARKLINE(G30:J30, {""charttype"",""column"";""color"",""#3f5f90"";""ymin"",0}), ""-"")), ""-"")"),"-") -> - | L30: =HYPERLINK("https://exrx.net/WeightExercises/Biceps/DBCurl", "🏋️ Dumbbells • Guide") -> 🏋️ Dumbbells • Guide | M30: Active
B31: FALSE | C31: 6 | D31: Hammer Curl | E31: Brachialis & Forearms | F31: 3 x 15 | K31: =IFERROR(__xludf.DUMMYFUNCTION("IFERROR(IF(COUNT(G31:J31)>=2, SPARKLINE(G31:J31, {""charttype"",""line"";""color"",""#3f5f90"";""linewidth"",2;""empty"",""ignore""}), IF(COUNT(G31:J31)=1, SPARKLINE(G31:J31, {""charttype"",""column"";""color"",""#3f5f90"";""ymin"",0}), ""-"")), ""-"")"),"-") -> - | L31: =HYPERLINK("https://exrx.net/WeightExercises/Brachioradialis/DBHammerCurl", "🏋️ Dumbbells • Guide") -> 🏋️ Dumbbells • Guide | M31: Active
B32: FALSE | C32: 7 | D32: Cardio (Treadmill / Cycling) | E32: Cardio / Conditioning | F32: 30 mins | K32: =IFERROR(__xludf.DUMMYFUNCTION("IFERROR(IF(COUNT(G32:J32)>=2, SPARKLINE(G32:J32, {""charttype"",""line"";""color"",""#3f5f90"";""linewidth"",2;""empty"",""ignore""}), IF(COUNT(G32:J32)=1, SPARKLINE(G32:J32, {""charttype"",""column"";""color"",""#3f5f90"";""ymin"",0}), ""-"")), ""-"")"),"-") -> - | L32: =HYPERLINK("[link removed]", "🏃 Treadmill / Bike • Guide") -> 🏃 Treadmill / Bike • Guide | M32: Active
B33: FALSE | C33: 8 | D33: Straight Arm Pulldown | F33: 3 x 15 | K33: - | M33: Active
B34: 🦵 SATURDAY • LEG DAY (6 Exercises)
B35: FALSE | C35: 1 | D35: Warm-up | E35: Full Body | F35: - | K35: =IFERROR(__xludf.DUMMYFUNCTION("IFERROR(IF(COUNT(G35:J35)>=2, SPARKLINE(G35:J35, {""charttype"",""line"";""color"",""#3f5f90"";""linewidth"",2;""empty"",""ignore""}), IF(COUNT(G35:J35)=1, SPARKLINE(G35:J35, {""charttype"",""column"";""color"",""#3f5f90"";""ymin"",0}), ""-"")), ""-"")"),"-") -> - | L35: =HYPERLINK("[link removed]", "🏃 Dynamic Mat • Guide") -> 🏃 Dynamic Mat • Guide | M35: Active
B36: FALSE | C36: 2 | D36: Leg Press Machine | E36: Quads & Glutes | F36: 4 x 12 | K36: =IFERROR(__xludf.DUMMYFUNCTION("IFERROR(IF(COUNT(G36:J36)>=2, SPARKLINE(G36:J36, {""charttype"",""line"";""color"",""#3f5f90"";""linewidth"",2;""empty"",""ignore""}), IF(COUNT(G36:J36)=1, SPARKLINE(G36:J36, {""charttype"",""column"";""color"",""#3f5f90"";""ymin"",0}), ""-"")), ""-"")"),"-") -> - | L36: =HYPERLINK("https://encrypted-tbn0.gstatic.com/images?q=tbn:ANd9GcRb-eP6O1QgWAErwMwxynRVs238CDxo9Cs1dFrePrX3kw&s=10", "⚙️ Leg Press Machine • Guide") -> ⚙️ Leg Press Machine • Guide | M36: Active
B37: FALSE | C37: 3 | D37: Romanian Deadlift | E37: Hamstrings & Glutes | F37: 4 x 12 | K37: =IFERROR(__xludf.DUMMYFUNCTION("IFERROR(IF(COUNT(G37:J37)>=2, SPARKLINE(G37:J37, {""charttype"",""line"";""color"",""#3f5f90"";""linewidth"",2;""empty"",""ignore""}), IF(COUNT(G37:J37)=1, SPARKLINE(G37:J37, {""charttype"",""column"";""color"",""#3f5f90"";""ymin"",0}), ""-"")), ""-"")"),"-") -> - | L37: =HYPERLINK("https://content.artofmanliness.com/uploads/2024/11/Romanian-Deadlift-1.jpg", "🏋️ Romanian Deadlift • Guide") -> 🏋️ Romanian Deadlift • Guide | M37: Active
B38: FALSE | C38: 4 | D38: Prone Leg Curl Machine | E38: Hamstrings (Isolation) | F38: 3 x 15 | K38: =IFERROR(__xludf.DUMMYFUNCTION("IFERROR(IF(COUNT(G38:J38)>=2, SPARKLINE(G38:J38, {""charttype"",""line"";""color"",""#3f5f90"";""linewidth"",2;""empty"",""ignore""}), IF(COUNT(G38:J38)=1, SPARKLINE(G38:J38, {""charttype"",""column"";""color"",""#3f5f90"";""ymin"",0}), ""-"")), ""-"")"),"-") -> - | L38: =HYPERLINK("https://weighttraining.guide/wp-content/uploads/2016/10/seated-leg-curl-resized.png", "⚙️ Leg Curl Machine • Guide") -> ⚙️ Leg Curl Machine • Guide | M38: Active
B39: FALSE | C39: 5 | D39: Standing Calf Raise Machine | E39: Calves | F39: 4 x 12 | K39: =IFERROR(__xludf.DUMMYFUNCTION("IFERROR(IF(COUNT(G39:J39)>=2, SPARKLINE(G39:J39, {""charttype"",""line"";""color"",""#3f5f90"";""linewidth"",2;""empty"",""ignore""}), IF(COUNT(G39:J39)=1, SPARKLINE(G39:J39, {""charttype"",""column"";""color"",""#3f5f90"";""ymin"",0}), ""-"")), ""-"")"),"-") -> - | L39: =HYPERLINK("https://encrypted-tbn0.gstatic.com/images?q=tbn:ANd9GcT6uF9rhaahZcnX78R51RFe7DKMh7Th_gqlIwveCVQEOv4lVqoCxI87rGuO&s=10]", "⚙️ Seated Calf Machine • Guide") -> ⚙️ Seated Calf Machine • Guide | M39: Active
B40: FALSE | C40: 6 | D40: Cardio (Brisk Walk) | E40: Cardio / Conditioning | F40: 30 mins | K40: =IFERROR(__xludf.DUMMYFUNCTION("IFERROR(IF(COUNT(G40:J40)>=2, SPARKLINE(G40:J40, {""charttype"",""line"";""color"",""#3f5f90"";""linewidth"",2;""empty"",""ignore""}), IF(COUNT(G40:J40)=1, SPARKLINE(G40:J40, {""charttype"",""column"";""color"",""#3f5f90"";""ymin"",0}), ""-"")), ""-"")"),"-") -> - | L40: =HYPERLINK("[link removed]", "🏃 Treadmill / Track • Guide") -> 🏃 Treadmill / Track • Guide | M40: Active
B41: FALSE | C41: 7 | D41: Barbbell Squat | E41: Glutes, Harmstring, Calves | F41: 4 x 15 | K41: - | L41: Leg | M41: Active

Sheet Workout Log
B2: 🏋️ DAILY WORKOUT LOG | D2: TOTAL SESSIONS | F2: TOTAL VOLUME | H2: LAST WORKOUT
B3: Daily Gym Activity & Resistance Training History | D3: =IFERROR(__xludf.DUMMYFUNCTION("IFERROR(COUNTUNIQUE(C6:C100), 0) & "" Sessions"""),"1 Sessions") -> 1 Sessions | F3: =IFERROR(SUM(I6:I100), 0) -> 3463 | H3: =IF(COUNT(C6:C100)>0, TEXT(MAX(C6:C100), "yyyy-mm-dd"), "-") -> 2026-10-08
B5: Athlete | C5: Date | D5: Day / Session | E5: Exercise | F5: Set | G5: Weight (kg) | H5: Reps | I5: Total Volume (kg)
B6: Hans | C6: 46303 | D6: Selasa • Full Body | E6: Bench Press | F6: 1 | G6: 40 | H6: 10 | I6: =IF(AND(ISNUMBER(G6), ISNUMBER(H6)), G6*H6, "") -> 400
B7: Hans | C7: 46303 | D7: Selasa • Full Body | E7: Bench Press | F7: 2 | G7: 45 | H7: 8 | I7: =IF(AND(ISNUMBER(G7), ISNUMBER(H7)), G7*H7, "") -> 360
B8: Hans | C8: 46303 | D8: Selasa • Full Body | E8: Bench Press | F8: 3 | G8: 45 | H8: 8 | I8: =IF(AND(ISNUMBER(G8), ISNUMBER(H8)), G8*H8, "") -> 360
B9: Hans | C9: 46303 | D9: Selasa • Full Body | E9: Wide Grip Lat Pulldown | F9: 1 | G9: 35 | H9: 12 | I9: =IF(AND(ISNUMBER(G9), ISNUMBER(H9)), G9*H9, "") -> 420
B10: Hans | C10: 46303 | D10: Selasa • Full Body | E10: Wide Grip Lat Pulldown | F10: 2 | G10: 40 | H10: 10 | I10: =IF(AND(ISNUMBER(G10), ISNUMBER(H10)), G10*H10, "") -> 400
B11: Hans | C11: 46303 | D11: Selasa • Full Body | E11: Wide Grip Lat Pulldown | F11: 3 | G11: 40 | H11: 10 | I11: =IF(AND(ISNUMBER(G11), ISNUMBER(H11)), G11*H11, "") -> 400
B12: Hans | C12: 46303 | D12: Selasa • Full Body | E12: Dumbbell Shoulder Press | F12: 1 | G12: 14 | H12: 12 | I12: =IF(AND(ISNUMBER(G12), ISNUMBER(H12)), G12*H12, "") -> 168
B13: Hans | C13: 46303 | D13: Selasa • Full Body | E13: Dumbbell Shoulder Press | F13: 2 | G13: 16 | H13: 10 | I13: =IF(AND(ISNUMBER(G13), ISNUMBER(H13)), G13*H13, "") -> 160
B14: Hans | C14: 46303 | D14: Selasa • Full Body | E14: Biceps Curl | F14: 1 | G14: 10 | H14: 12 | I14: =IF(AND(ISNUMBER(G14), ISNUMBER(H14)), G14*H14, "") -> 120
B15: Hans | C15: 46303 | D15: Selasa • Full Body | E15: Biceps Curl | F15: 2 | G15: 12 | H15: 10 | I15: =IF(AND(ISNUMBER(G15), ISNUMBER(H15)), G15*H15, "") -> 120
B16: Partner | C16: 46303 | D16: Selasa • Full Body | E16: Bench Press | F16: 1 | G16: 15 | H16: 12 | I16: =IF(AND(ISNUMBER(G16), ISNUMBER(H16)), G16*H16, "") -> 180
B17: Partner | C17: 46303 | D17: Selasa • Full Body | E17: Bench Press | F17: 2 | G17: 17.5 | H17: 10 | I17: =IF(AND(ISNUMBER(G17), ISNUMBER(H17)), G17*H17, "") -> 175
B18: Partner | C18: 46303 | D18: Selasa • Full Body | E18: Bench Press | F18: 3 | G18: 20 | H18: 10 | I18: =IF(AND(ISNUMBER(G18), ISNUMBER(H18)), G18*H18, "") -> 200
B19: Hans | C19: 46303 | D19: Thursday • Push Day | E19: Triceps Pushdown | F19: 1 | G19: 25 | H19: 12 | I19: 300 kg
B20: Hans | C20: 46303 | D20: Thursday • Push Day | E20: Triceps Pushdown | F20: 2 | G20: 30 | H20: 12 | I20: 360 kg
B21: Hans | C21: 46303 | D21: Thursday • Push Day | E21: Triceps Pushdown | F21: 3 | G21: 30 | H21: 12 | I21: 360 kg
B22: Hans | C22: 46303 | D22: Thursday • Push Day | E22: Triceps Pushdown | F22: 1 | G22: 25 | H22: 12 | I22: 300 kg
B23: Hans | C23: 46303 | D23: Thursday • Push Day | E23: Triceps Pushdown | F23: 2 | G23: 30 | H23: 12 | I23: 360 kg
B24: Hans | C24: 46303 | D24: Thursday • Push Day | E24: Triceps Pushdown | F24: 3 | G24: 30 | H24: 12 | I24: 360 kg
B25: Hans | C25: 46303 | D25: Friday • Pull Day | E25: Seated Cable Row / T-Bar | F25: 1 | G25: 25 | H25: 10 | I25: 250 kg
B26: Hans | C26: 46303 | D26: Friday • Pull Day | E26: Seated Cable Row / T-Bar | F26: 2 | G26: 30 | H26: 10 | I26: 300 kg
B27: Hans | C27: 46303 | D27: Friday • Pull Day | E27: Seated Cable Row / T-Bar | F27: 3 | G27: 30 | H27: 10 | I27: 300 kg
B28: Hans | C28: 46303 | D28: Friday • Pull Day | E28: Seated Cable Row / T-Bar | F28: 4 | G28: 30 | H28: 10 | I28: 300 kg
B29: Cute lil baby | C29: 46303 | D29: Friday • Pull Day | E29: Seated Cable Row / T-Bar | F29: 1 | G29: 10 | H29: 10 | I29: 100 kg
B30: Cute lil baby | C30: 46303 | D30: Friday • Pull Day | E30: Seated Cable Row / T-Bar | F30: 2 | G30: 10 | H30: 10 | I30: 100 kg
... B118: Hans | C118: 46303 | D118: Thursday • Push Day | E118: Triceps Pushdown | F118: 3 | G118: 25 | H118: 15 | I118: 375 kg

Sheet Hans Workout Form
I1: Session Exercises
B2: 📝 WORKOUT LOG ENTRY FORM | I2: {=INDIRECT(SWITCH(C6, "Tuesday • Full Body", "'Workout Routine'!$D$6:$D$15", "Thursday • Push Day", "'Workout Routine'!$D$17:$D$24", "Friday • Pull Day", "'Workout Routine'!$D$26:$D$33", "Saturday • Leg Day", "'Workout Routine'!$D$35:$D$41", "'Workout Routine'!$D$6:$D$41"))} -> Warm-up
B3: Quick Log Gym Activity & Set History | F3: =TEXT(TODAY(), "yyyy-mm-dd") -> 2026-10-16 | I3: Incline Press Machine
B4: 👤 Athlete | C4: Hans | E4: Profile | F4: Hans Aufa (Primary Athlete) | I4: Flat Bench Press
B5: 📅 Date | C5: 46303 | E5: Tgt Reps | F5: =IFERROR(VLOOKUP(C7, 'Workout Routine'!$D$6:$F$40, 3, FALSE), "-") -> 3 x 15 | I5: Lateral Raise
B6: 🏋️ Session | C6: Thursday • Push Day | E6: Muscle | F6: =IFERROR(VLOOKUP(C7, 'Workout Routine'!$D$6:$E$40, 2, FALSE), "-") -> Triceps Lateral Head | I6: Overhead Triceps Extension
B7: 🎯 Exercise | C7: Triceps Pushdown | E7: Tgt Wt | F7: =IFERROR(VLOOKUP(C7, 'Workout Routine'!$D$6:$G$40, 4, FALSE), "-") | I7: Triceps Pushdown
B8: 📋 Notes | C8: Focus on form and full contraction | E8: Total Vol | F8: =SUM(F12:F16) -> 0 | I8: Cardio (Incline Walk/Cycling)
I9: Custom Exercise Slot (Push Day)
B10: ⚡ WORKOUT SET DETAILS (SET 1 - 5)
B11: Set | C11: Status | D11: Wt (kg) | E11: Reps | F11: Vol (kg) | G11: Est. 1RM
B12: Set 1 | C12: FALSE | F12: =IF(OR(ISBLANK(D12), ISBLANK(E12), D12="", E12=""), 0, D12*E12) -> 0 | G12: =IF(AND(ISNUMBER(D12), ISNUMBER(E12), D12>0, E12>0), ROUND(D12*(1 + E12/30), 1), "")
B13: Set 2 | C13: FALSE | F13: =IF(OR(ISBLANK(D13), ISBLANK(E13), D13="", E13=""), 0, D13*E13) -> 0 | G13: =IF(AND(ISNUMBER(D13), ISNUMBER(E13), D13>0, E13>0), ROUND(D13*(1 + E13/30), 1), "")
B14: Set 3 | C14: FALSE | F14: =IF(OR(ISBLANK(D14), ISBLANK(E14), D14="", E14=""), 0, D14*E14) -> 0 | G14: =IF(AND(ISNUMBER(D14), ISNUMBER(E14), D14>0, E14>0), ROUND(D14*(1 + E14/30), 1), "")
B15: Set 4 | C15: FALSE | F15: =IF(OR(ISBLANK(D15), ISBLANK(E15), D15="", E15=""), 0, D15*E15) -> 0 | G15: =IF(AND(ISNUMBER(D15), ISNUMBER(E15), D15>0, E15>0), ROUND(D15*(1 + E15/30), 1), "")
B16: Set 5 | C16: FALSE | F16: =IF(OR(ISBLANK(D16), ISBLANK(E16), D16="", E16=""), 0, D16*E16) -> 0 | G16: =IF(AND(ISNUMBER(D16), ISNUMBER(E16), D16>0, E16>0), ROUND(D16*(1 + E16/30), 1), "")
B17: TOTAL | C17: =COUNTIF(C12:C16, TRUE) & " Sets" -> 0 Sets | D17: Avg Wt: | E17: =IFERROR(AVERAGEIF(D12:D16, ">0"), 0) -> 0 | F17: =SUM(F12:F16) -> 0 | G17: =IF(COUNT(G12:G16)>0, MAX(G12:G16), 0) -> 0
B18: 🚀 SAVE LOG TO DATABASE | E18: FALSE | F18: =IF(E18=TRUE, "✅ LOG SAVED & ACTIVE", "⬜ CHECK TO SUBMIT") -> ⬜ CHECK TO SUBMIT
B19: Action: Save to 'Workout Log' | E19: 💡 Tip: Check box E18 to confirm entry
B21: 📋 LOG ROW PREVIEW (SET BREAKDOWN)
B22: Set | C22: Exercise | E22: Weight | F22: Reps | G22: Volume
B23: =IF(C12=TRUE, "Set 1", "-") -> - | C23: =IF(C12=TRUE, $C$7, "-") -> - | E23: =IF(C12=TRUE, TEXT(D12, "0.0") & " kg", "-") -> - | F23: =IF(C12=TRUE, E12, "-") -> - | G23: =IF(C12=TRUE, TEXT(F12, "#,##0") & " kg", "-") -> -
B24: =IF(C13=TRUE, "Set 2", "-") -> - | C24: =IF(C13=TRUE, $C$7, "-") -> - | E24: =IF(C13=TRUE, TEXT(D13, "0.0") & " kg", "-") -> - | F24: =IF(C13=TRUE, E13, "-") -> - | G24: =IF(C13=TRUE, TEXT(F13, "#,##0") & " kg", "-") -> -
B25: =IF(C14=TRUE, "Set 3", "-") -> - | C25: =IF(C14=TRUE, $C$7, "-") -> - | E25: =IF(C14=TRUE, TEXT(D14, "0.0") & " kg", "-") -> - | F25: =IF(C14=TRUE, E14, "-") -> - | G25: =IF(C14=TRUE, TEXT(F14, "#,##0") & " kg", "-") -> -
B26: =IF(C15=TRUE, "Set 4", "-") -> - | C26: =IF(C15=TRUE, $C$7, "-") -> - | E26: =IF(C15=TRUE, TEXT(D15, "0.0") & " kg", "-") -> - | F26: =IF(C15=TRUE, E15, "-") -> - | G26: =IF(C15=TRUE, TEXT(F15, "#,##0") & " kg", "-") -> -
B27: =IF(C16=TRUE, "Set 5", "-") -> - | C27: =IF(C16=TRUE, $C$7, "-") -> - | E27: =IF(C16=TRUE, TEXT(D16, "0.0") & " kg", "-") -> - | F27: =IF(C16=TRUE, E16, "-") -> - | G27: =IF(C16=TRUE, TEXT(F16, "#,##0") & " kg", "-") -> -

Sheet Lil Babys Workout Form
I1: Session Exercises
B2: 🐼 BABYY WORKOUT LOG ENTRY FORM | I2: {=INDIRECT(SWITCH(C6, "Tuesday • Full Body", "'Workout Routine'!$D$6:$D$15", "Thursday • Push Day", "'Workout Routine'!$D$17:$D$24", "Friday • Pull Day", "'Workout Routine'!$D$26:$D$33", "Saturday • Leg Day", "'Workout Routine'!$D$35:$D$41", "'Workout Routine'!$D$6:$D$41"))} -> Warm-up
B3: Quick Log Gym Activity & Set History for Partner | F3: =TEXT(TODAY(), "yyyy-mm-dd") -> 2026-10-16 | I3: Incline Press Machine
B4: 👤 Athlete | C4: Cute lil baby | E4: Profile | F4: Partner Athlete (Consolidated Log) | I4: Flat Bench Press
B5: 📅 Date | C5: 46303 | E5: Tgt Reps | F5: =IFERROR(VLOOKUP(C7, 'Workout Routine'!$D$6:$F$40, 3, FALSE), "-") -> 3 x 15 | I5: Lateral Raise
B6: 🏋️ Session | C6: Thursday • Push Day | E6: Muscle | F6: =IFERROR(VLOOKUP(C7, 'Workout Routine'!$D$6:$E$40, 2, FALSE), "-") -> Triceps Lateral Head | I6: Overhead Triceps Extension
B7: 🎯 Exercise | C7: Triceps Pushdown | E7: Tgt Wt | F7: =IFERROR(VLOOKUP(C7, 'Workout Routine'!$D$6:$G$40, 4, FALSE), "-") | I7: Triceps Pushdown
B8: 📋 Notes | C8: Focus on form and controlled tempo | E8: Total Vol | F8: =SUM(F12:F16) -> 675 | I8: Cardio (Incline Walk/Cycling)
I9: Custom Exercise Slot (Push Day)
B10: ⚡ PARTNER WORKOUT SET DETAILS (SET 1 - 5)
B11: Set | C11: Status | D11: Wt (kg) | E11: Reps | F11: Vol (kg) | G11: Est. 1RM
B12: Set 1 | C12: TRUE | D12: 15 | E12: 15 | F12: =IF(OR(ISBLANK(D12), ISBLANK(E12), D12="", E12=""), 0, D12*E12) -> 225 | G12: =IF(AND(ISNUMBER(D12), ISNUMBER(E12), D12>0, E12>0), ROUND(D12*(1 + E12/30), 1), "") -> 22.5
B13: Set 2 | C13: TRUE | D13: 15 | E13: 15 | F13: =IF(OR(ISBLANK(D13), ISBLANK(E13), D13="", E13=""), 0, D13*E13) -> 225 | G13: =IF(AND(ISNUMBER(D13), ISNUMBER(E13), D13>0, E13>0), ROUND(D13*(1 + E13/30), 1), "") -> 22.5
B14: Set 3 | C14: TRUE | D14: 15 | E14: 15 | F14: =IF(OR(ISBLANK(D14), ISBLANK(E14), D14="", E14=""), 0, D14*E14) -> 225 | G14: =IF(AND(ISNUMBER(D14), ISNUMBER(E14), D14>0, E14>0), ROUND(D14*(1 + E14/30), 1), "") -> 22.5
B15: Set 4 | C15: FALSE | F15: =IF(OR(ISBLANK(D15), ISBLANK(E15), D15="", E15=""), 0, D15*E15) -> 0 | G15: =IF(AND(ISNUMBER(D15), ISNUMBER(E15), D15>0, E15>0), ROUND(D15*(1 + E15/30), 1), "")
B16: Set 5 | C16: FALSE | F16: =IF(OR(ISBLANK(D16), ISBLANK(E16), D16="", E16=""), 0, D16*E16) -> 0 | G16: =IF(AND(ISNUMBER(D16), ISNUMBER(E16), D16>0, E16>0), ROUND(D16*(1 + E16/30), 1), "")
B17: TOTAL | C17: =COUNTIF(C12:C16, TRUE) & " Sets" -> 3 Sets | D17: Avg Wt: | E17: =IFERROR(AVERAGEIF(D12:D16, ">0"), 0) -> 15 | F17: =SUM(F12:F16) -> 675 | G17: =IF(COUNT(G12:G16)>0, MAX(G12:G16), 0) -> 22.5
B18: 🚀 SAVE LOG TO DATABASE | E18: FALSE | F18: =IF(E18=TRUE, "✅ LOG SAVED & ACTIVE", "⬜ CHECK TO SUBMIT") -> ⬜ CHECK TO SUBMIT
B19: Action: Save to 'Workout Log' | E19: 💡 Tip: Check box E18 to confirm entry
B21: 📋 PARTNER LOG ROW PREVIEW (SET BREAKDOWN)
B22: Set | C22: Exercise | E22: Weight | F22: Reps | G22: Volume
B23: =IF(C12=TRUE, "Set 1", "-") -> Set 1 | C23: =IF(C12=TRUE, $C$7, "-") -> Triceps Pushdown | E23: =IF(C12=TRUE, TEXT(D12, "0.0") & " kg", "-") -> 15.0 kg | F23: =IF(C12=TRUE, E12, "-") -> 15 | G23: =IF(C12=TRUE, TEXT(F12, "#,##0") & " kg", "-") -> 225 kg
B24: =IF(C13=TRUE, "Set 2", "-") -> Set 2 | C24: =IF(C13=TRUE, $C$7, "-") -> Triceps Pushdown | E24: =IF(C13=TRUE, TEXT(D13, "0.0") & " kg", "-") -> 15.0 kg | F24: =IF(C13=TRUE, E13, "-") -> 15 | G24: =IF(C13=TRUE, TEXT(F13, "#,##0") & " kg", "-") -> 225 kg
B25: =IF(C14=TRUE, "Set 3", "-") -> Set 3 | C25: =IF(C14=TRUE, $C$7, "-") -> Triceps Pushdown | E25: =IF(C14=TRUE, TEXT(D14, "0.0") & " kg", "-") -> 15.0 kg | F25: =IF(C14=TRUE, E14, "-") -> 15 | G25: =IF(C14=TRUE, TEXT(F14, "#,##0") & " kg", "-") -> 225 kg
B26: =IF(C15=TRUE, "Set 4", "-") -> - | C26: =IF(C15=TRUE, $C$7, "-") -> - | E26: =IF(C15=TRUE, TEXT(D15, "0.0") & " kg", "-") -> - | F26: =IF(C15=TRUE, E15, "-") -> - | G26: =IF(C15=TRUE, TEXT(F15, "#,##0") & " kg", "-") -> -
B27: =IF(C16=TRUE, "Set 5", "-") -> - | C27: =IF(C16=TRUE, $C$7, "-") -> - | E27: =IF(C16=TRUE, TEXT(D16, "0.0") & " kg", "-") -> - | F27: =IF(C16=TRUE, E16, "-") -> - | G27: =IF(C16=TRUE, TEXT(F16, "#,##0") & " kg", "-") -> -

Sheet Users
A1: User_ID | B1: Name | C1: Profile_Type
A2: USR-001 | B2: Hans | C2: Hans Aufa (Primary Athlete)
A3: USR-002 | B3: Cute lil baby | C3: Partner Athlete (Consolidated Log)

Sheet Exercises_Master
A1: Exercise_ID | B1: Session_Day | C1: Exercise_Name | D1: Target_Muscle | E1: Target_Reps | F1: Equipment | G1: Status
A2: EXE-001 | B2: Tuesday • Heavy Full Body | C2: Warm-up | D2: Full Body | E2: - | F2: Dynamic Mat | G2: Active
A3: EXE-002 | B3: Tuesday • Heavy Full Body | C3: Bench Press | D3: Chest (Overall) | E3: 3x 12 | F3: Barbell & Bench | G3: Active
A4: EXE-003 | B4: Tuesday • Heavy Full Body | C4: Wide Grip Lat Pulldown | D4: Upper Back / Lats | E4: 3x 12 | F4: Cable Pulldown | G4: Active
A5: EXE-004 | B5: Tuesday • Heavy Full Body | C5: Dumbbell Shoulder Press | D5: Anterior & Lateral Delts | E5: 3x 12 | F5: Dumbbells | G5: Active
A6: EXE-005 | B6: Tuesday • Heavy Full Body | C6: Biceps Curl | D6: Biceps Peak | E6: 3x 10 | F6: Dumbbells | G6: Active
A7: EXE-006 | B7: Tuesday • Heavy Full Body | C7: Regular / Goblet Squats | D7: Quadriceps & Core | E7: 3x 12 | F7: Kettlebell / DB | G7: Active
A8: EXE-007 | B8: Tuesday • Heavy Full Body | C8: Leg Curl Machine | D8: Hamstrings | E8: 3x 12 | F8: Leg Curl Machine | G8: Active
A9: EXE-008 | B9: Tuesday • Heavy Full Body | C9: Sit-Ups | D9: Abs / Core | E9: 3x 15 | F9: Exercise Mat | G9: Active
A10: EXE-009 | B10: Tuesday • Heavy Full Body | C10: Cardio (Incline Walk / Cycling) | D10: Cardio / Conditioning | E10: 30 mins | F10: Treadmill / Bike | G10: Active
A11: EXE-010 | B11: Tuesday • Heavy Full Body | C11: Custom Exercise Slot (Tuesday) | D11: Target Muscle | E11: 3x 12 | F11: Custom Equipment | G11: Active
A12: EXE-011 | B12: Thursday • Push Day | C12: Warm-up | D12: Full Body | E12: - | F12: Dynamic Mat | G12: Active
... A34: EXE-033 | B34: Saturday • Leg Day | C34: Custom Exercise Slot (Leg Day) | D34: Target Muscle | E34: 3x 12 | F34: Custom Equipment | G34: Active

Sheet Workout_Logs
A1: Log_ID | B1: Date | C1: User_ID | D1: Exercise_ID | E1: Set_Number | F1: Weight_kg | G1: Reps | H1: Volume_kg | I1: Est_1RM | J1: Notes
A2: LOG-001 | B2: 46303 | C2: USR-001 | D2: EXE-002 | E2: 1 | F2: 40 | G2: 10 | H2: 400 | I2: 53.3
A3: LOG-002 | B3: 46303 | C3: USR-001 | D3: EXE-002 | E3: 2 | F3: 45 | G3: 8 | H3: 360 | I3: 57
A4: LOG-003 | B4: 46303 | C4: USR-001 | D4: EXE-002 | E4: 3 | F4: 45 | G4: 8 | H4: 360 | I4: 57
A5: LOG-004 | B5: 46303 | C5: USR-001 | D5: EXE-003 | E5: 1 | F5: 35 | G5: 12 | H5: 420 | I5: 49
A6: LOG-005 | B6: 46303 | C6: USR-001 | D6: EXE-003 | E6: 2 | F6: 40 | G6: 10 | H6: 400 | I6: 53.3
A7: LOG-006 | B7: 46303 | C7: USR-001 | D7: EXE-003 | E7: 3 | F7: 40 | G7: 10 | H7: 400 | I7: 53.3
A8: LOG-007 | B8: 46303 | C8: USR-001 | D8: EXE-004 | E8: 1 | F8: 14 | G8: 12 | H8: 168 | I8: 19.6
A9: LOG-008 | B9: 46303 | C9: USR-001 | D9: EXE-004 | E9: 2 | F9: 16 | G9: 10 | H9: 160 | I9: 21.3
A10: LOG-009 | B10: 46303 | C10: USR-001 | D10: EXE-005 | E10: 1 | F10: 10 | G10: 12 | H10: 120 | I10: 14
A11: LOG-010 | B11: 46303 | C11: USR-001 | D11: EXE-005 | E11: 2 | F11: 12 | G11: 10 | H11: 120 | I11: 16
A12: LOG-011 | B12: 46303 | C12: USR-002 | D12: EXE-002 | E12: 1 | F12: 15 | G12: 12 | H12: 180 | I12: 21
A13: LOG-012 | B13: 46303 | C13: USR-002 | D13: EXE-002 | E13: 2 | F13: 17.5 | G13: 10 | H13: 175 | I13: 23.3
... A43: LOG-042 | B43: 46303 | C43: USR-001 | D43: EXE-024 | E43: 3 | F43: 5 | G43: 12 | H43: 60 | I43: 7
A44: LOG-043 | B44: 46303 | C44: USR-002 | D44: EXE-024 | E44: 1 | F44: 2.5 | G44: 12 | H44: 30 | I44: 3.5 | J44: Focus on form and controlled tempo
A45: LOG-044 | B45: 46303 | C45: USR-002 | D45: EXE-024 | E45: 2 | F45: 2.5 | G45: 12 | H45: 30 | I45: 3.5 | J45: Focus on form and controlled tempo
A46: LOG-045 | B46: 46303 | C46: USR-002 | D46: EXE-024 | E46: 3 | F46: 2.5 | G46: 12 | H46: 30 | I46: 3.5 | J46: Focus on form and controlled tempo
A47: LOG-046 | B47: 46303 | C47: USR-001 | D47: EXE-022 | E47: 1 | F47: 20 | G47: 12 | H47: 240 | I47: 28 | J47: Focus on form and full contraction
A48: LOG-047 | B48: 46303 | C48: USR-001 | D48: EXE-022 | E48: 2 | F48: 20 | G48: 12 | H48: 240 | I48: 28 | J48: Focus on form and full contraction
A49: LOG-048 | B49: 46303 | C49: USR-001 | D49: EXE-022 | E49: 3 | F49: 20 | G49: 12 | H49: 240 | I49: 28 | J49: Focus on form and full contraction
